{"cameraMode":{"drawMode":0,"name":"Shaded","section":"Shading Mode"},"sceneLighting":true,"audioPlay":false,"sceneViewState":{"showFog":false,"showMaterialUpdate":false,"showSkybox":false,"showFlares":false,"showImageEffects":false,"showParticleSystems":false},"in2DMode":false,"pivot":{"x":-19.589523315429689,"y":-19.530574798583986,"z":33.260658264160159},"rotation":{"x":0.08717229217290878,"y":-0.8995905518531799,"z":0.21045254170894624,"w":0.37262260913848879},"size":53.60524368286133,"orthographic":false}